ds,yhat,target,forecast_origin,horizon
2017-01-01 00:00:00,47.13475647385638,price,2016-12-31 23:00:00,day_ahead
2017-01-01 01:00:00,45.08833386735341,price,2016-12-31 23:00:00,day_ahead
2017-01-01 02:00:00,44.29923156095745,price,2016-12-31 23:00:00,day_ahead
2017-01-01 03:00:00,42.160984264133134,price,2016-12-31 23:00:00,day_ahead
2017-01-01 04:00:00,42.210290883484426,price,2016-12-31 23:00:00,day_ahead
2017-01-01 05:00:00,44.45122815373804,price,2016-12-31 23:00:00,day_ahead
2017-01-01 06:00:00,45.29455812552082,price,2016-12-31 23:00:00,day_ahead
2017-01-01 07:00:00,46.93569276185548,price,2016-12-31 23:00:00,day_ahead
2017-01-01 08:00:00,49.86318364118278,price,2016-12-31 23:00:00,day_ahead
2017-01-01 09:00:00,50.373059334844356,price,2016-12-31 23:00:00,day_ahead
2017-01-01 10:00:00,50.038429426140716,price,2016-12-31 23:00:00,day_ahead
2017-01-01 11:00:00,49.513460432234915,price,2016-12-31 23:00:00,day_ahead
2017-01-01 12:00:00,48.84263146187119,price,2016-12-31 23:00:00,day_ahead
2017-01-01 13:00:00,46.226474046762036,price,2016-12-31 23:00:00,day_ahead
2017-01-01 14:00:00,44.726661564253924,price,2016-12-31 23:00:00,day_ahead
2017-01-01 15:00:00,44.504336952082625,price,2016-12-31 23:00:00,day_ahead
2017-01-01 16:00:00,46.24062876107291,price,2016-12-31 23:00:00,day_ahead
2017-01-01 17:00:00,49.97891708822212,price,2016-12-31 23:00:00,day_ahead
2017-01-01 18:00:00,54.38194682877444,price,2016-12-31 23:00:00,day_ahead
2017-01-01 19:00:00,57.66304793583665,price,2016-12-31 23:00:00,day_ahead
2017-01-01 20:00:00,56.40621146236533,price,2016-12-31 23:00:00,day_ahead
2017-01-01 21:00:00,51.454028495869714,price,2016-12-31 23:00:00,day_ahead
2017-01-01 22:00:00,47.21199743288506,price,2016-12-31 23:00:00,day_ahead
2017-01-01 23:00:00,42.63877848348599,price,2016-12-31 23:00:00,day_ahead
2017-01-02 00:00:00,44.777245916450646,price,2017-01-01 23:00:00,day_ahead
2017-01-02 01:00:00,43.00677975133006,price,2017-01-01 23:00:00,day_ahead
2017-01-02 02:00:00,44.04621200534452,price,2017-01-01 23:00:00,day_ahead
2017-01-02 03:00:00,45.46212987550854,price,2017-01-01 23:00:00,day_ahead
2017-01-02 04:00:00,49.118578126601946,price,2017-01-01 23:00:00,day_ahead
2017-01-02 05:00:00,54.027031844599584,price,2017-01-01 23:00:00,day_ahead
2017-01-02 06:00:00,58.72202656952649,price,2017-01-01 23:00:00,day_ahead
2017-01-02 07:00:00,61.110401629773804,price,2017-01-01 23:00:00,day_ahead
2017-01-02 08:00:00,62.43742641606755,price,2017-01-01 23:00:00,day_ahead
2017-01-02 09:00:00,62.730585314654846,price,2017-01-01 23:00:00,day_ahead
2017-01-02 10:00:00,61.67596820873203,price,2017-01-01 23:00:00,day_ahead
2017-01-02 11:00:00,58.09520908023563,price,2017-01-01 23:00:00,day_ahead
2017-01-02 12:00:00,57.90652680203695,price,2017-01-01 23:00:00,day_ahead
2017-01-02 13:00:00,58.21925718430699,price,2017-01-01 23:00:00,day_ahead
2017-01-02 14:00:00,57.52920220655912,price,2017-01-01 23:00:00,day_ahead
2017-01-02 15:00:00,57.909441870854465,price,2017-01-01 23:00:00,day_ahead
2017-01-02 16:00:00,58.55878614151051,price,2017-01-01 23:00:00,day_ahead
2017-01-02 17:00:00,59.83452702633808,price,2017-01-01 23:00:00,day_ahead
2017-01-02 18:00:00,61.459568735567444,price,2017-01-01 23:00:00,day_ahead
2017-01-02 19:00:00,61.80492157288304,price,2017-01-01 23:00:00,day_ahead
2017-01-02 20:00:00,58.29743753078332,price,2017-01-01 23:00:00,day_ahead
2017-01-02 21:00:00,53.68533812277,price,2017-01-01 23:00:00,day_ahead
2017-01-02 22:00:00,51.05844822628004,price,2017-01-01 23:00:00,day_ahead
2017-01-02 23:00:00,47.123256955652096,price,2017-01-01 23:00:00,day_ahead
2017-01-03 00:00:00,37.39994696449219,price,2017-01-02 23:00:00,day_ahead
2017-01-03 01:00:00,34.94133363146212,price,2017-01-02 23:00:00,day_ahead
2017-01-03 02:00:00,34.87639304553559,price,2017-01-02 23:00:00,day_ahead
2017-01-03 03:00:00,35.99382478852884,price,2017-01-02 23:00:00,day_ahead
2017-01-03 04:00:00,39.85451740537634,price,2017-01-02 23:00:00,day_ahead
2017-01-03 05:00:00,45.655459111374746,price,2017-01-02 23:00:00,day_ahead
2017-01-03 06:00:00,51.33962340730549,price,2017-01-02 23:00:00,day_ahead
2017-01-03 07:00:00,55.177645311594695,price,2017-01-02 23:00:00,day_ahead
2017-01-03 08:00:00,56.72621437049247,price,2017-01-02 23:00:00,day_ahead
2017-01-03 09:00:00,57.63159542053058,price,2017-01-02 23:00:00,day_ahead
2017-01-03 10:00:00,57.56941157808976,price,2017-01-02 23:00:00,day_ahead
2017-01-03 11:00:00,56.62951593271582,price,2017-01-02 23:00:00,day_ahead
2017-01-03 12:00:00,55.17933319643584,price,2017-01-02 23:00:00,day_ahead
2017-01-03 13:00:00,52.61315953446549,price,2017-01-02 23:00:00,day_ahead
2017-01-03 14:00:00,51.23400698229593,price,2017-01-02 23:00:00,day_ahead
2017-01-03 15:00:00,52.59191695745868,price,2017-01-02 23:00:00,day_ahead
2017-01-03 16:00:00,55.07328637796576,price,2017-01-02 23:00:00,day_ahead
2017-01-03 17:00:00,57.709960558029785,price,2017-01-02 23:00:00,day_ahead
2017-01-03 18:00:00,59.66719067752446,price,2017-01-02 23:00:00,day_ahead
2017-01-03 19:00:00,60.41158822891942,price,2017-01-02 23:00:00,day_ahead
2017-01-03 20:00:00,57.75727381949296,price,2017-01-02 23:00:00,day_ahead
2017-01-03 21:00:00,55.417408727639,price,2017-01-02 23:00:00,day_ahead
2017-01-03 22:00:00,53.768733295905285,price,2017-01-02 23:00:00,day_ahead
2017-01-03 23:00:00,49.37557605987301,price,2017-01-02 23:00:00,day_ahead
2017-01-04 00:00:00,59.97032276003641,price,2017-01-03 23:00:00,day_ahead
2017-01-04 01:00:00,57.67559315329643,price,2017-01-03 23:00:00,day_ahead
2017-01-04 02:00:00,55.45688445671791,price,2017-01-03 23:00:00,day_ahead
2017-01-04 03:00:00,56.59242792273792,price,2017-01-03 23:00:00,day_ahead
2017-01-04 04:00:00,57.26186382958658,price,2017-01-03 23:00:00,day_ahead
2017-01-04 05:00:00,62.81959022291183,price,2017-01-03 23:00:00,day_ahead
2017-01-04 06:00:00,68.56591042838187,price,2017-01-03 23:00:00,day_ahead
2017-01-04 07:00:00,70.4705968047204,price,2017-01-03 23:00:00,day_ahead
2017-01-04 08:00:00,71.29916978030737,price,2017-01-03 23:00:00,day_ahead
2017-01-04 09:00:00,69.75426328642575,price,2017-01-03 23:00:00,day_ahead
2017-01-04 10:00:00,69.3644424374437,price,2017-01-03 23:00:00,day_ahead
2017-01-04 11:00:00,67.79285197246826,price,2017-01-03 23:00:00,day_ahead
2017-01-04 12:00:00,66.87674446108363,price,2017-01-03 23:00:00,day_ahead
2017-01-04 13:00:00,65.23580702379311,price,2017-01-03 23:00:00,day_ahead
2017-01-04 14:00:00,64.21083717089685,price,2017-01-03 23:00:00,day_ahead
2017-01-04 15:00:00,64.5328854953724,price,2017-01-03 23:00:00,day_ahead
2017-01-04 16:00:00,67.05835299995995,price,2017-01-03 23:00:00,day_ahead
2017-01-04 17:00:00,68.18983795845867,price,2017-01-03 23:00:00,day_ahead
2017-01-04 18:00:00,72.08658817485285,price,2017-01-03 23:00:00,day_ahead
2017-01-04 19:00:00,72.6443951717115,price,2017-01-03 23:00:00,day_ahead
2017-01-04 20:00:00,70.07179837024574,price,2017-01-03 23:00:00,day_ahead
2017-01-04 21:00:00,66.72448022191108,price,2017-01-03 23:00:00,day_ahead
2017-01-04 22:00:00,64.59036967581167,price,2017-01-03 23:00:00,day_ahead
2017-01-04 23:00:00,60.15232259162859,price,2017-01-03 23:00:00,day_ahead
2017-01-05 00:00:00,58.42538836278126,price,2017-01-04 23:00:00,day_ahead
2017-01-05 01:00:00,57.572467599154486,price,2017-01-04 23:00:00,day_ahead
2017-01-05 02:00:00,55.20387553329859,price,2017-01-04 23:00:00,day_ahead
2017-01-05 03:00:00,56.49527175359645,price,2017-01-04 23:00:00,day_ahead
2017-01-05 04:00:00,59.52439904008317,price,2017-01-04 23:00:00,day_ahead
2017-01-05 05:00:00,63.26947016738172,price,2017-01-04 23:00:00,day_ahead
2017-01-05 06:00:00,67.25899803044204,price,2017-01-04 23:00:00,day_ahead
2017-01-05 07:00:00,71.17406168966419,price,2017-01-04 23:00:00,day_ahead
2017-01-05 08:00:00,71.87696126114895,price,2017-01-04 23:00:00,day_ahead
2017-01-05 09:00:00,70.90942942966956,price,2017-01-04 23:00:00,day_ahead
2017-01-05 10:00:00,68.9135170487711,price,2017-01-04 23:00:00,day_ahead
2017-01-05 11:00:00,68.97366330388269,price,2017-01-04 23:00:00,day_ahead
2017-01-05 12:00:00,67.84674548308637,price,2017-01-04 23:00:00,day_ahead
2017-01-05 13:00:00,65.06238763717711,price,2017-01-04 23:00:00,day_ahead
2017-01-05 14:00:00,65.76224264876286,price,2017-01-04 23:00:00,day_ahead
2017-01-05 15:00:00,66.6256968041721,price,2017-01-04 23:00:00,day_ahead
2017-01-05 16:00:00,67.16285588635246,price,2017-01-04 23:00:00,day_ahead
2017-01-05 17:00:00,70.44005603113226,price,2017-01-04 23:00:00,day_ahead
2017-01-05 18:00:00,72.98147032193519,price,2017-01-04 23:00:00,day_ahead
2017-01-05 19:00:00,73.47581510022641,price,2017-01-04 23:00:00,day_ahead
2017-01-05 20:00:00,71.82531426128384,price,2017-01-04 23:00:00,day_ahead
2017-01-05 21:00:00,66.96499671908452,price,2017-01-04 23:00:00,day_ahead
2017-01-05 22:00:00,65.45856729733524,price,2017-01-04 23:00:00,day_ahead
2017-01-05 23:00:00,62.15119703353821,price,2017-01-04 23:00:00,day_ahead
2017-01-06 00:00:00,44.635128192680625,price,2017-01-05 23:00:00,day_ahead
2017-01-06 01:00:00,41.45232862740491,price,2017-01-05 23:00:00,day_ahead
2017-01-06 02:00:00,35.75075048172231,price,2017-01-05 23:00:00,day_ahead
2017-01-06 03:00:00,34.7160633440529,price,2017-01-05 23:00:00,day_ahead
2017-01-06 04:00:00,36.911167947724465,price,2017-01-05 23:00:00,day_ahead
2017-01-06 05:00:00,41.583153261015994,price,2017-01-05 23:00:00,day_ahead
2017-01-06 06:00:00,48.83998906897828,price,2017-01-05 23:00:00,day_ahead
2017-01-06 07:00:00,49.186867087436475,price,2017-01-05 23:00:00,day_ahead
2017-01-06 08:00:00,47.797747139034065,price,2017-01-05 23:00:00,day_ahead
2017-01-06 09:00:00,48.31446036376605,price,2017-01-05 23:00:00,day_ahead
2017-01-06 10:00:00,46.3721272918376,price,2017-01-05 23:00:00,day_ahead
2017-01-06 11:00:00,46.05785778415236,price,2017-01-05 23:00:00,day_ahead
2017-01-06 12:00:00,43.392223499064194,price,2017-01-05 23:00:00,day_ahead
2017-01-06 13:00:00,43.0270347158253,price,2017-01-05 23:00:00,day_ahead
2017-01-06 14:00:00,41.27486925144247,price,2017-01-05 23:00:00,day_ahead
2017-01-06 15:00:00,44.95988592089077,price,2017-01-05 23:00:00,day_ahead
2017-01-06 16:00:00,44.366735605688646,price,2017-01-05 23:00:00,day_ahead
2017-01-06 17:00:00,46.75084673486902,price,2017-01-05 23:00:00,day_ahead
2017-01-06 18:00:00,49.23874288177267,price,2017-01-05 23:00:00,day_ahead
2017-01-06 19:00:00,49.624547979813855,price,2017-01-05 23:00:00,day_ahead
2017-01-06 20:00:00,47.13580969394907,price,2017-01-05 23:00:00,day_ahead
2017-01-06 21:00:00,43.38564345907878,price,2017-01-05 23:00:00,day_ahead
2017-01-06 22:00:00,41.51152922831628,price,2017-01-05 23:00:00,day_ahead
2017-01-06 23:00:00,38.23301006345017,price,2017-01-05 23:00:00,day_ahead
2017-01-07 00:00:00,58.5273656542085,price,2017-01-06 23:00:00,day_ahead
2017-01-07 01:00:00,56.284115461633874,price,2017-01-06 23:00:00,day_ahead
2017-01-07 02:00:00,54.358509752512845,price,2017-01-06 23:00:00,day_ahead
2017-01-07 03:00:00,52.91049553958151,price,2017-01-06 23:00:00,day_ahead
2017-01-07 04:00:00,52.69532809271875,price,2017-01-06 23:00:00,day_ahead
2017-01-07 05:00:00,52.87688321580923,price,2017-01-06 23:00:00,day_ahead
2017-01-07 06:00:00,54.920214938457974,price,2017-01-06 23:00:00,day_ahead
2017-01-07 07:00:00,57.855056357000535,price,2017-01-06 23:00:00,day_ahead
2017-01-07 08:00:00,58.745361838616354,price,2017-01-06 23:00:00,day_ahead
2017-01-07 09:00:00,60.040731237884714,price,2017-01-06 23:00:00,day_ahead
2017-01-07 10:00:00,59.975832715964174,price,2017-01-06 23:00:00,day_ahead
2017-01-07 11:00:00,60.885549604013434,price,2017-01-06 23:00:00,day_ahead
2017-01-07 12:00:00,60.0649331977166,price,2017-01-06 23:00:00,day_ahead
2017-01-07 13:00:00,57.48562749648854,price,2017-01-06 23:00:00,day_ahead
2017-01-07 14:00:00,55.54255276727457,price,2017-01-06 23:00:00,day_ahead
2017-01-07 15:00:00,55.54065445687035,price,2017-01-06 23:00:00,day_ahead
2017-01-07 16:00:00,57.8429940564383,price,2017-01-06 23:00:00,day_ahead
2017-01-07 17:00:00,63.08340085026499,price,2017-01-06 23:00:00,day_ahead
2017-01-07 18:00:00,67.51483179938745,price,2017-01-06 23:00:00,day_ahead
2017-01-07 19:00:00,71.0472590123439,price,2017-01-06 23:00:00,day_ahead
2017-01-07 20:00:00,69.72985059301796,price,2017-01-06 23:00:00,day_ahead
2017-01-07 21:00:00,64.79144655923987,price,2017-01-06 23:00:00,day_ahead
2017-01-07 22:00:00,59.928885723630344,price,2017-01-06 23:00:00,day_ahead
2017-01-07 23:00:00,56.80132095765821,price,2017-01-06 23:00:00,day_ahead
2017-01-08 00:00:00,42.84100350652018,price,2017-01-07 23:00:00,day_ahead
2017-01-08 01:00:00,42.55087787435737,price,2017-01-07 23:00:00,day_ahead
2017-01-08 02:00:00,43.26453693129342,price,2017-01-07 23:00:00,day_ahead
2017-01-08 03:00:00,44.73438092829637,price,2017-01-07 23:00:00,day_ahead
2017-01-08 04:00:00,45.96145196793056,price,2017-01-07 23:00:00,day_ahead
2017-01-08 05:00:00,46.913605500204824,price,2017-01-07 23:00:00,day_ahead
2017-01-08 06:00:00,48.66540953145446,price,2017-01-07 23:00:00,day_ahead
2017-01-08 07:00:00,49.73710859869333,price,2017-01-07 23:00:00,day_ahead
2017-01-08 08:00:00,52.19406956305187,price,2017-01-07 23:00:00,day_ahead
2017-01-08 09:00:00,54.135770623489606,price,2017-01-07 23:00:00,day_ahead
2017-01-08 10:00:00,54.13674245391174,price,2017-01-07 23:00:00,day_ahead
2017-01-08 11:00:00,54.69433765840633,price,2017-01-07 23:00:00,day_ahead
2017-01-08 12:00:00,53.795170455163614,price,2017-01-07 23:00:00,day_ahead
2017-01-08 13:00:00,50.99681525901798,price,2017-01-07 23:00:00,day_ahead
2017-01-08 14:00:00,48.00403124919383,price,2017-01-07 23:00:00,day_ahead
2017-01-08 15:00:00,44.67465283418201,price,2017-01-07 23:00:00,day_ahead
2017-01-08 16:00:00,46.0972007268281,price,2017-01-07 23:00:00,day_ahead
2017-01-08 17:00:00,49.15115568817309,price,2017-01-07 23:00:00,day_ahead
2017-01-08 18:00:00,52.32042178866443,price,2017-01-07 23:00:00,day_ahead
2017-01-08 19:00:00,54.81332610607604,price,2017-01-07 23:00:00,day_ahead
2017-01-08 20:00:00,53.04846259075794,price,2017-01-07 23:00:00,day_ahead
2017-01-08 21:00:00,48.55558490038666,price,2017-01-07 23:00:00,day_ahead
2017-01-08 22:00:00,41.82136514791341,price,2017-01-07 23:00:00,day_ahead
2017-01-08 23:00:00,36.27995945972783,price,2017-01-07 23:00:00,day_ahead
2017-01-09 00:00:00,58.29342932192787,price,2017-01-08 23:00:00,day_ahead
2017-01-09 01:00:00,55.44228103914142,price,2017-01-08 23:00:00,day_ahead
2017-01-09 02:00:00,53.73267935623241,price,2017-01-08 23:00:00,day_ahead
2017-01-09 03:00:00,53.28609943772382,price,2017-01-08 23:00:00,day_ahead
2017-01-09 04:00:00,55.771107440682755,price,2017-01-08 23:00:00,day_ahead
2017-01-09 05:00:00,59.93342319181599,price,2017-01-08 23:00:00,day_ahead
2017-01-09 06:00:00,64.83556600787864,price,2017-01-08 23:00:00,day_ahead
2017-01-09 07:00:00,65.85102048841205,price,2017-01-08 23:00:00,day_ahead
2017-01-09 08:00:00,66.69316577948278,price,2017-01-08 23:00:00,day_ahead
2017-01-09 09:00:00,66.19098798525734,price,2017-01-08 23:00:00,day_ahead
2017-01-09 10:00:00,64.64105448136192,price,2017-01-08 23:00:00,day_ahead
2017-01-09 11:00:00,64.85011536396314,price,2017-01-08 23:00:00,day_ahead
2017-01-09 12:00:00,63.18846501655523,price,2017-01-08 23:00:00,day_ahead
2017-01-09 13:00:00,59.26818992985887,price,2017-01-08 23:00:00,day_ahead
2017-01-09 14:00:00,59.47437901838467,price,2017-01-08 23:00:00,day_ahead
2017-01-09 15:00:00,61.23886395388297,price,2017-01-08 23:00:00,day_ahead
2017-01-09 16:00:00,62.064232494028175,price,2017-01-08 23:00:00,day_ahead
2017-01-09 17:00:00,62.82327876302155,price,2017-01-08 23:00:00,day_ahead
2017-01-09 18:00:00,63.846650078353505,price,2017-01-08 23:00:00,day_ahead
2017-01-09 19:00:00,64.48850627125738,price,2017-01-08 23:00:00,day_ahead
2017-01-09 20:00:00,61.30462993113659,price,2017-01-08 23:00:00,day_ahead
2017-01-09 21:00:00,56.70743115215036,price,2017-01-08 23:00:00,day_ahead
2017-01-09 22:00:00,55.98863722815983,price,2017-01-08 23:00:00,day_ahead
2017-01-09 23:00:00,53.75820779988602,price,2017-01-08 23:00:00,day_ahead
2017-01-10 00:00:00,55.95286095596488,price,2017-01-09 23:00:00,day_ahead
2017-01-10 01:00:00,52.82752202697647,price,2017-01-09 23:00:00,day_ahead
2017-01-10 02:00:00,51.15411804125621,price,2017-01-09 23:00:00,day_ahead
2017-01-10 03:00:00,50.19381717022557,price,2017-01-09 23:00:00,day_ahead
2017-01-10 04:00:00,53.15440441186253,price,2017-01-09 23:00:00,day_ahead
2017-01-10 05:00:00,57.458642894523145,price,2017-01-09 23:00:00,day_ahead
2017-01-10 06:00:00,59.07223374256202,price,2017-01-09 23:00:00,day_ahead
2017-01-10 07:00:00,61.52586320712471,price,2017-01-09 23:00:00,day_ahead
2017-01-10 08:00:00,65.5767496035045,price,2017-01-09 23:00:00,day_ahead
2017-01-10 09:00:00,65.40127597303328,price,2017-01-09 23:00:00,day_ahead
2017-01-10 10:00:00,63.9178998585962,price,2017-01-09 23:00:00,day_ahead
2017-01-10 11:00:00,63.922273203528675,price,2017-01-09 23:00:00,day_ahead
2017-01-10 12:00:00,63.08287543889281,price,2017-01-09 23:00:00,day_ahead
2017-01-10 13:00:00,62.92675995337572,price,2017-01-09 23:00:00,day_ahead
2017-01-10 14:00:00,62.34178285120097,price,2017-01-09 23:00:00,day_ahead
2017-01-10 15:00:00,62.919599646979954,price,2017-01-09 23:00:00,day_ahead
2017-01-10 16:00:00,64.37831399325809,price,2017-01-09 23:00:00,day_ahead
2017-01-10 17:00:00,66.26463537007552,price,2017-01-09 23:00:00,day_ahead
2017-01-10 18:00:00,67.5856935626879,price,2017-01-09 23:00:00,day_ahead
2017-01-10 19:00:00,66.14594549272522,price,2017-01-09 23:00:00,day_ahead
2017-01-10 20:00:00,62.8548328673958,price,2017-01-09 23:00:00,day_ahead
2017-01-10 21:00:00,58.26409509610261,price,2017-01-09 23:00:00,day_ahead
2017-01-10 22:00:00,56.24722933254594,price,2017-01-09 23:00:00,day_ahead
2017-01-10 23:00:00,53.042388727151476,price,2017-01-09 23:00:00,day_ahead
2017-01-11 00:00:00,30.648764162806682,price,2017-01-10 23:00:00,day_ahead
2017-01-11 01:00:00,29.41512207827114,price,2017-01-10 23:00:00,day_ahead
2017-01-11 02:00:00,29.799068062251457,price,2017-01-10 23:00:00,day_ahead
2017-01-11 03:00:00,31.11314406705301,price,2017-01-10 23:00:00,day_ahead
2017-01-11 04:00:00,34.67180161305585,price,2017-01-10 23:00:00,day_ahead
2017-01-11 05:00:00,39.86170425680868,price,2017-01-10 23:00:00,day_ahead
2017-01-11 06:00:00,45.52839789506735,price,2017-01-10 23:00:00,day_ahead
2017-01-11 07:00:00,48.56099068035894,price,2017-01-10 23:00:00,day_ahead
2017-01-11 08:00:00,48.56313006138799,price,2017-01-10 23:00:00,day_ahead
2017-01-11 09:00:00,48.16603974290862,price,2017-01-10 23:00:00,day_ahead
2017-01-11 10:00:00,48.95132810362108,price,2017-01-10 23:00:00,day_ahead
2017-01-11 11:00:00,49.18828248459724,price,2017-01-10 23:00:00,day_ahead
2017-01-11 12:00:00,48.335237947838536,price,2017-01-10 23:00:00,day_ahead
2017-01-11 13:00:00,48.21389169790605,price,2017-01-10 23:00:00,day_ahead
2017-01-11 14:00:00,48.46066638638071,price,2017-01-10 23:00:00,day_ahead
2017-01-11 15:00:00,50.24534457591014,price,2017-01-10 23:00:00,day_ahead
2017-01-11 16:00:00,51.28376739036459,price,2017-01-10 23:00:00,day_ahead
2017-01-11 17:00:00,56.74852142134147,price,2017-01-10 23:00:00,day_ahead
2017-01-11 18:00:00,58.858819546203,price,2017-01-10 23:00:00,day_ahead
2017-01-11 19:00:00,60.91145638503552,price,2017-01-10 23:00:00,day_ahead
2017-01-11 20:00:00,58.23658894996885,price,2017-01-10 23:00:00,day_ahead
2017-01-11 21:00:00,58.60434356852628,price,2017-01-10 23:00:00,day_ahead
2017-01-11 22:00:00,58.020316263950825,price,2017-01-10 23:00:00,day_ahead
2017-01-11 23:00:00,54.79291374867152,price,2017-01-10 23:00:00,day_ahead
2017-01-12 00:00:00,69.85120461490887,price,2017-01-11 23:00:00,day_ahead
2017-01-12 01:00:00,67.01328021351091,price,2017-01-11 23:00:00,day_ahead
2017-01-12 02:00:00,65.45118241830562,price,2017-01-11 23:00:00,day_ahead
2017-01-12 03:00:00,64.24862370827984,price,2017-01-11 23:00:00,day_ahead
2017-01-12 04:00:00,68.1000891175546,price,2017-01-11 23:00:00,day_ahead
2017-01-12 05:00:00,72.44967205015766,price,2017-01-11 23:00:00,day_ahead
2017-01-12 06:00:00,76.60459647281749,price,2017-01-11 23:00:00,day_ahead
2017-01-12 07:00:00,78.5941463278019,price,2017-01-11 23:00:00,day_ahead
2017-01-12 08:00:00,78.7169470887262,price,2017-01-11 23:00:00,day_ahead
2017-01-12 09:00:00,78.43946184519848,price,2017-01-11 23:00:00,day_ahead
2017-01-12 10:00:00,77.23464170158574,price,2017-01-11 23:00:00,day_ahead
2017-01-12 11:00:00,76.17402662019234,price,2017-01-11 23:00:00,day_ahead
2017-01-12 12:00:00,74.32979211726378,price,2017-01-11 23:00:00,day_ahead
2017-01-12 13:00:00,69.12124546633014,price,2017-01-11 23:00:00,day_ahead
2017-01-12 14:00:00,72.28288733180503,price,2017-01-11 23:00:00,day_ahead
2017-01-12 15:00:00,72.51988454084288,price,2017-01-11 23:00:00,day_ahead
2017-01-12 16:00:00,74.76723658403833,price,2017-01-11 23:00:00,day_ahead
2017-01-12 17:00:00,76.3809533188319,price,2017-01-11 23:00:00,day_ahead
2017-01-12 18:00:00,79.73794716123074,price,2017-01-11 23:00:00,day_ahead
2017-01-12 19:00:00,81.02045192725846,price,2017-01-11 23:00:00,day_ahead
2017-01-12 20:00:00,78.34268028896176,price,2017-01-11 23:00:00,day_ahead
2017-01-12 21:00:00,74.59237816859705,price,2017-01-11 23:00:00,day_ahead
2017-01-12 22:00:00,72.10886859318857,price,2017-01-11 23:00:00,day_ahead
2017-01-12 23:00:00,68.77506608311698,price,2017-01-11 23:00:00,day_ahead
2017-01-13 00:00:00,55.10545048884254,price,2017-01-12 23:00:00,day_ahead
2017-01-13 01:00:00,51.70154040770049,price,2017-01-12 23:00:00,day_ahead
2017-01-13 02:00:00,49.53404658527908,price,2017-01-12 23:00:00,day_ahead
2017-01-13 03:00:00,50.14018160818688,price,2017-01-12 23:00:00,day_ahead
2017-01-13 04:00:00,53.06877502688983,price,2017-01-12 23:00:00,day_ahead
2017-01-13 05:00:00,57.83402942563109,price,2017-01-12 23:00:00,day_ahead
2017-01-13 06:00:00,62.33066298587974,price,2017-01-12 23:00:00,day_ahead
2017-01-13 07:00:00,63.815723763468725,price,2017-01-12 23:00:00,day_ahead
2017-01-13 08:00:00,65.43892407602226,price,2017-01-12 23:00:00,day_ahead
2017-01-13 09:00:00,66.07639105111481,price,2017-01-12 23:00:00,day_ahead
2017-01-13 10:00:00,66.29355683190252,price,2017-01-12 23:00:00,day_ahead
2017-01-13 11:00:00,65.02101049245056,price,2017-01-12 23:00:00,day_ahead
2017-01-13 12:00:00,64.4405101684261,price,2017-01-12 23:00:00,day_ahead
2017-01-13 13:00:00,63.07244933068373,price,2017-01-12 23:00:00,day_ahead
2017-01-13 14:00:00,63.21281919101581,price,2017-01-12 23:00:00,day_ahead
2017-01-13 15:00:00,64.89415721304195,price,2017-01-12 23:00:00,day_ahead
2017-01-13 16:00:00,66.25194310055971,price,2017-01-12 23:00:00,day_ahead
2017-01-13 17:00:00,68.36652192270945,price,2017-01-12 23:00:00,day_ahead
2017-01-13 18:00:00,71.01313186613797,price,2017-01-12 23:00:00,day_ahead
2017-01-13 19:00:00,72.08610441941258,price,2017-01-12 23:00:00,day_ahead
2017-01-13 20:00:00,70.67165700263071,price,2017-01-12 23:00:00,day_ahead
2017-01-13 21:00:00,67.73788125535441,price,2017-01-12 23:00:00,day_ahead
2017-01-13 22:00:00,66.18105642844367,price,2017-01-12 23:00:00,day_ahead
2017-01-13 23:00:00,63.27041946396207,price,2017-01-12 23:00:00,day_ahead
2017-01-14 00:00:00,43.864108345111795,price,2017-01-13 23:00:00,day_ahead
2017-01-14 01:00:00,42.951122087905155,price,2017-01-13 23:00:00,day_ahead
2017-01-14 02:00:00,43.44739562565585,price,2017-01-13 23:00:00,day_ahead
2017-01-14 03:00:00,45.871317483669294,price,2017-01-13 23:00:00,day_ahead
2017-01-14 04:00:00,47.117838903914695,price,2017-01-13 23:00:00,day_ahead
2017-01-14 05:00:00,48.08043899794916,price,2017-01-13 23:00:00,day_ahead
2017-01-14 06:00:00,51.955072355465624,price,2017-01-13 23:00:00,day_ahead
2017-01-14 07:00:00,56.97546240101403,price,2017-01-13 23:00:00,day_ahead
2017-01-14 08:00:00,60.08381970294509,price,2017-01-13 23:00:00,day_ahead
2017-01-14 09:00:00,62.92497798892676,price,2017-01-13 23:00:00,day_ahead
2017-01-14 10:00:00,63.191253123109234,price,2017-01-13 23:00:00,day_ahead
2017-01-14 11:00:00,63.02603429296448,price,2017-01-13 23:00:00,day_ahead
2017-01-14 12:00:00,62.17014436730296,price,2017-01-13 23:00:00,day_ahead
2017-01-14 13:00:00,59.82564763634281,price,2017-01-13 23:00:00,day_ahead
2017-01-14 14:00:00,57.838127860539586,price,2017-01-13 23:00:00,day_ahead
2017-01-14 15:00:00,56.405649270036776,price,2017-01-13 23:00:00,day_ahead
2017-01-14 16:00:00,60.496087729846465,price,2017-01-13 23:00:00,day_ahead
2017-01-14 17:00:00,64.69842103628577,price,2017-01-13 23:00:00,day_ahead
2017-01-14 18:00:00,68.11240363578254,price,2017-01-13 23:00:00,day_ahead
2017-01-14 19:00:00,73.21301252994101,price,2017-01-13 23:00:00,day_ahead
2017-01-14 20:00:00,72.83197005863536,price,2017-01-13 23:00:00,day_ahead
2017-01-14 21:00:00,69.8145842672119,price,2017-01-13 23:00:00,day_ahead
2017-01-14 22:00:00,65.82006456369389,price,2017-01-13 23:00:00,day_ahead
2017-01-14 23:00:00,62.28278453913741,price,2017-01-13 23:00:00,day_ahead
2017-01-15 00:00:00,62.08841354665444,price,2017-01-14 23:00:00,day_ahead
2017-01-15 01:00:00,60.024793885120154,price,2017-01-14 23:00:00,day_ahead
2017-01-15 02:00:00,59.224167845802256,price,2017-01-14 23:00:00,day_ahead
2017-01-15 03:00:00,57.46255824838633,price,2017-01-14 23:00:00,day_ahead
2017-01-15 04:00:00,58.341418059035576,price,2017-01-14 23:00:00,day_ahead
2017-01-15 05:00:00,59.54776761472884,price,2017-01-14 23:00:00,day_ahead
2017-01-15 06:00:00,60.89281217319906,price,2017-01-14 23:00:00,day_ahead
2017-01-15 07:00:00,63.266577748336374,price,2017-01-14 23:00:00,day_ahead
2017-01-15 08:00:00,66.50750462567761,price,2017-01-14 23:00:00,day_ahead
2017-01-15 09:00:00,68.24695301209552,price,2017-01-14 23:00:00,day_ahead
2017-01-15 10:00:00,68.0068345467305,price,2017-01-14 23:00:00,day_ahead
2017-01-15 11:00:00,66.96016037539533,price,2017-01-14 23:00:00,day_ahead
2017-01-15 12:00:00,65.18917281530045,price,2017-01-14 23:00:00,day_ahead
2017-01-15 13:00:00,63.98193197751476,price,2017-01-14 23:00:00,day_ahead
2017-01-15 14:00:00,61.59766940475647,price,2017-01-14 23:00:00,day_ahead
2017-01-15 15:00:00,60.77030887183447,price,2017-01-14 23:00:00,day_ahead
2017-01-15 16:00:00,60.83148084455043,price,2017-01-14 23:00:00,day_ahead
2017-01-15 17:00:00,66.31020321253052,price,2017-01-14 23:00:00,day_ahead
2017-01-15 18:00:00,71.73199161962724,price,2017-01-14 23:00:00,day_ahead
2017-01-15 19:00:00,75.37041553041433,price,2017-01-14 23:00:00,day_ahead
2017-01-15 20:00:00,74.29903221078608,price,2017-01-14 23:00:00,day_ahead
2017-01-15 21:00:00,70.48926387651531,price,2017-01-14 23:00:00,day_ahead
2017-01-15 22:00:00,66.45934117285321,price,2017-01-14 23:00:00,day_ahead
2017-01-15 23:00:00,61.296967762368176,price,2017-01-14 23:00:00,day_ahead
2017-01-16 00:00:00,58.84549922284319,price,2017-01-15 23:00:00,day_ahead
2017-01-16 01:00:00,55.28555031241611,price,2017-01-15 23:00:00,day_ahead
2017-01-16 02:00:00,53.971551553539534,price,2017-01-15 23:00:00,day_ahead
2017-01-16 03:00:00,54.30778292767762,price,2017-01-15 23:00:00,day_ahead
2017-01-16 04:00:00,58.533942360977335,price,2017-01-15 23:00:00,day_ahead
2017-01-16 05:00:00,63.69157367159197,price,2017-01-15 23:00:00,day_ahead
2017-01-16 06:00:00,67.33365601128679,price,2017-01-15 23:00:00,day_ahead
2017-01-16 07:00:00,69.52732624231498,price,2017-01-15 23:00:00,day_ahead
2017-01-16 08:00:00,70.6595135605859,price,2017-01-15 23:00:00,day_ahead
2017-01-16 09:00:00,73.2247566251182,price,2017-01-15 23:00:00,day_ahead
2017-01-16 10:00:00,73.06358249776125,price,2017-01-15 23:00:00,day_ahead
2017-01-16 11:00:00,72.5862879710482,price,2017-01-15 23:00:00,day_ahead
2017-01-16 12:00:00,70.84658186436798,price,2017-01-15 23:00:00,day_ahead
2017-01-16 13:00:00,67.03726485095142,price,2017-01-15 23:00:00,day_ahead
2017-01-16 14:00:00,65.71368116481975,price,2017-01-15 23:00:00,day_ahead
2017-01-16 15:00:00,67.07127770234315,price,2017-01-15 23:00:00,day_ahead
2017-01-16 16:00:00,68.2955114335184,price,2017-01-15 23:00:00,day_ahead
2017-01-16 17:00:00,70.05116028792737,price,2017-01-15 23:00:00,day_ahead
2017-01-16 18:00:00,72.20710190844346,price,2017-01-15 23:00:00,day_ahead
2017-01-16 19:00:00,73.35262245496688,price,2017-01-15 23:00:00,day_ahead
2017-01-16 20:00:00,70.93866465784154,price,2017-01-15 23:00:00,day_ahead
2017-01-16 21:00:00,66.04668030684712,price,2017-01-15 23:00:00,day_ahead
2017-01-16 22:00:00,63.73607340744445,price,2017-01-15 23:00:00,day_ahead
2017-01-16 23:00:00,61.16480058727082,price,2017-01-15 23:00:00,day_ahead
2017-01-17 00:00:00,58.574989687722265,price,2017-01-16 23:00:00,day_ahead
2017-01-17 01:00:00,55.689472727223446,price,2017-01-16 23:00:00,day_ahead
2017-01-17 02:00:00,56.08678619127585,price,2017-01-16 23:00:00,day_ahead
2017-01-17 03:00:00,53.60296212878207,price,2017-01-16 23:00:00,day_ahead
2017-01-17 04:00:00,56.6476890170172,price,2017-01-16 23:00:00,day_ahead
2017-01-17 05:00:00,61.89563780239287,price,2017-01-16 23:00:00,day_ahead
2017-01-17 06:00:00,68.69526421145395,price,2017-01-16 23:00:00,day_ahead
2017-01-17 07:00:00,71.4076233949184,price,2017-01-16 23:00:00,day_ahead
2017-01-17 08:00:00,71.70455002831902,price,2017-01-16 23:00:00,day_ahead
2017-01-17 09:00:00,71.67405970886968,price,2017-01-16 23:00:00,day_ahead
2017-01-17 10:00:00,73.16628295877163,price,2017-01-16 23:00:00,day_ahead
2017-01-17 11:00:00,73.311374589906,price,2017-01-16 23:00:00,day_ahead
2017-01-17 12:00:00,71.80603512734602,price,2017-01-16 23:00:00,day_ahead
2017-01-17 13:00:00,68.32058653102393,price,2017-01-16 23:00:00,day_ahead
2017-01-17 14:00:00,67.58049220297974,price,2017-01-16 23:00:00,day_ahead
2017-01-17 15:00:00,69.44498711217268,price,2017-01-16 23:00:00,day_ahead
2017-01-17 16:00:00,70.09717704250697,price,2017-01-16 23:00:00,day_ahead
2017-01-17 17:00:00,71.31163363896222,price,2017-01-16 23:00:00,day_ahead
2017-01-17 18:00:00,70.85032387258244,price,2017-01-16 23:00:00,day_ahead
2017-01-17 19:00:00,71.09021201929842,price,2017-01-16 23:00:00,day_ahead
2017-01-17 20:00:00,68.0837689405553,price,2017-01-16 23:00:00,day_ahead
2017-01-17 21:00:00,63.71170207555154,price,2017-01-16 23:00:00,day_ahead
2017-01-17 22:00:00,60.21259936342664,price,2017-01-16 23:00:00,day_ahead
2017-01-17 23:00:00,55.46256757725726,price,2017-01-16 23:00:00,day_ahead
2017-01-18 00:00:00,63.274375137110255,price,2017-01-17 23:00:00,day_ahead
2017-01-18 01:00:00,61.23566317382803,price,2017-01-17 23:00:00,day_ahead
2017-01-18 02:00:00,58.33687892019667,price,2017-01-17 23:00:00,day_ahead
2017-01-18 03:00:00,58.164237419051496,price,2017-01-17 23:00:00,day_ahead
2017-01-18 04:00:00,61.09562158577508,price,2017-01-17 23:00:00,day_ahead
2017-01-18 05:00:00,67.38697848011617,price,2017-01-17 23:00:00,day_ahead
2017-01-18 06:00:00,70.73572681559796,price,2017-01-17 23:00:00,day_ahead
2017-01-18 07:00:00,71.87228113608766,price,2017-01-17 23:00:00,day_ahead
2017-01-18 08:00:00,72.01839369076481,price,2017-01-17 23:00:00,day_ahead
2017-01-18 09:00:00,72.97740324054244,price,2017-01-17 23:00:00,day_ahead
2017-01-18 10:00:00,72.57027262879132,price,2017-01-17 23:00:00,day_ahead
2017-01-18 11:00:00,71.55251617724181,price,2017-01-17 23:00:00,day_ahead
2017-01-18 12:00:00,72.51768951456373,price,2017-01-17 23:00:00,day_ahead
2017-01-18 13:00:00,70.59783824112003,price,2017-01-17 23:00:00,day_ahead
2017-01-18 14:00:00,70.12825512305746,price,2017-01-17 23:00:00,day_ahead
2017-01-18 15:00:00,70.9861561958059,price,2017-01-17 23:00:00,day_ahead
2017-01-18 16:00:00,72.0499585512413,price,2017-01-17 23:00:00,day_ahead
2017-01-18 17:00:00,74.22948195679545,price,2017-01-17 23:00:00,day_ahead
2017-01-18 18:00:00,76.8168044544448,price,2017-01-17 23:00:00,day_ahead
2017-01-18 19:00:00,77.52713134215875,price,2017-01-17 23:00:00,day_ahead
2017-01-18 20:00:00,74.72097009534345,price,2017-01-17 23:00:00,day_ahead
2017-01-18 21:00:00,71.66020427818113,price,2017-01-17 23:00:00,day_ahead
2017-01-18 22:00:00,68.15968562626702,price,2017-01-17 23:00:00,day_ahead
2017-01-18 23:00:00,63.36712182463449,price,2017-01-17 23:00:00,day_ahead
2017-01-19 00:00:00,42.881362555441015,price,2017-01-18 23:00:00,day_ahead
2017-01-19 01:00:00,42.49831239763662,price,2017-01-18 23:00:00,day_ahead
2017-01-19 02:00:00,43.01507842320455,price,2017-01-18 23:00:00,day_ahead
2017-01-19 03:00:00,44.8618007923697,price,2017-01-18 23:00:00,day_ahead
2017-01-19 04:00:00,49.3716349584152,price,2017-01-18 23:00:00,day_ahead
2017-01-19 05:00:00,56.436142221178066,price,2017-01-18 23:00:00,day_ahead
2017-01-19 06:00:00,61.2518249510238,price,2017-01-18 23:00:00,day_ahead
2017-01-19 07:00:00,63.385197263088806,price,2017-01-18 23:00:00,day_ahead
2017-01-19 08:00:00,64.4379826033585,price,2017-01-18 23:00:00,day_ahead
2017-01-19 09:00:00,65.07949042631992,price,2017-01-18 23:00:00,day_ahead
2017-01-19 10:00:00,65.42148543959105,price,2017-01-18 23:00:00,day_ahead
2017-01-19 11:00:00,66.16312624815308,price,2017-01-18 23:00:00,day_ahead
2017-01-19 12:00:00,65.17744391271076,price,2017-01-18 23:00:00,day_ahead
2017-01-19 13:00:00,63.22929905257726,price,2017-01-18 23:00:00,day_ahead
2017-01-19 14:00:00,63.067298839230304,price,2017-01-18 23:00:00,day_ahead
2017-01-19 15:00:00,64.78022185066563,price,2017-01-18 23:00:00,day_ahead
2017-01-19 16:00:00,66.96062143521736,price,2017-01-18 23:00:00,day_ahead
2017-01-19 17:00:00,68.85340190532794,price,2017-01-18 23:00:00,day_ahead
2017-01-19 18:00:00,72.28376932484217,price,2017-01-18 23:00:00,day_ahead
2017-01-19 19:00:00,74.79878874221383,price,2017-01-18 23:00:00,day_ahead
2017-01-19 20:00:00,71.92276651716503,price,2017-01-18 23:00:00,day_ahead
2017-01-19 21:00:00,67.18803567300205,price,2017-01-18 23:00:00,day_ahead
2017-01-19 22:00:00,64.6096081183908,price,2017-01-18 23:00:00,day_ahead
2017-01-19 23:00:00,60.28682205552765,price,2017-01-18 23:00:00,day_ahead
2017-01-20 00:00:00,38.1132775726352,price,2017-01-19 23:00:00,day_ahead
2017-01-20 01:00:00,37.03496717589541,price,2017-01-19 23:00:00,day_ahead
2017-01-20 02:00:00,34.49268627132722,price,2017-01-19 23:00:00,day_ahead
2017-01-20 03:00:00,34.6268191695139,price,2017-01-19 23:00:00,day_ahead
2017-01-20 04:00:00,39.151550785519284,price,2017-01-19 23:00:00,day_ahead
2017-01-20 05:00:00,44.58476101939849,price,2017-01-19 23:00:00,day_ahead
2017-01-20 06:00:00,48.59839040577078,price,2017-01-19 23:00:00,day_ahead
2017-01-20 07:00:00,50.018999818002015,price,2017-01-19 23:00:00,day_ahead
2017-01-20 08:00:00,49.99134962413827,price,2017-01-19 23:00:00,day_ahead
2017-01-20 09:00:00,50.09195550398101,price,2017-01-19 23:00:00,day_ahead
2017-01-20 10:00:00,49.30972957651953,price,2017-01-19 23:00:00,day_ahead
2017-01-20 11:00:00,47.68016622861751,price,2017-01-19 23:00:00,day_ahead
2017-01-20 12:00:00,46.57193370397081,price,2017-01-19 23:00:00,day_ahead
2017-01-20 13:00:00,44.43029327614555,price,2017-01-19 23:00:00,day_ahead
2017-01-20 14:00:00,44.847283072273385,price,2017-01-19 23:00:00,day_ahead
2017-01-20 15:00:00,45.034837906512806,price,2017-01-19 23:00:00,day_ahead
2017-01-20 16:00:00,47.88967445236034,price,2017-01-19 23:00:00,day_ahead
2017-01-20 17:00:00,48.80944453674395,price,2017-01-19 23:00:00,day_ahead
2017-01-20 18:00:00,53.53684296657031,price,2017-01-19 23:00:00,day_ahead
2017-01-20 19:00:00,53.1920937304869,price,2017-01-19 23:00:00,day_ahead
2017-01-20 20:00:00,50.41657978171577,price,2017-01-19 23:00:00,day_ahead
2017-01-20 21:00:00,47.34333116958496,price,2017-01-19 23:00:00,day_ahead
2017-01-20 22:00:00,44.44521151887221,price,2017-01-19 23:00:00,day_ahead
2017-01-20 23:00:00,41.36429180244598,price,2017-01-19 23:00:00,day_ahead
2017-01-21 00:00:00,51.89551504367352,price,2017-01-20 23:00:00,day_ahead
2017-01-21 01:00:00,51.10989594776919,price,2017-01-20 23:00:00,day_ahead
2017-01-21 02:00:00,50.482154203657444,price,2017-01-20 23:00:00,day_ahead
2017-01-21 03:00:00,51.37186226922573,price,2017-01-20 23:00:00,day_ahead
2017-01-21 04:00:00,52.324402294480365,price,2017-01-20 23:00:00,day_ahead
2017-01-21 05:00:00,52.53621275595142,price,2017-01-20 23:00:00,day_ahead
2017-01-21 06:00:00,53.90092342996827,price,2017-01-20 23:00:00,day_ahead
2017-01-21 07:00:00,57.21698669170599,price,2017-01-20 23:00:00,day_ahead
2017-01-21 08:00:00,60.28906733421309,price,2017-01-20 23:00:00,day_ahead
2017-01-21 09:00:00,62.55929370825231,price,2017-01-20 23:00:00,day_ahead
2017-01-21 10:00:00,61.81130469844551,price,2017-01-20 23:00:00,day_ahead
2017-01-21 11:00:00,61.42811595635238,price,2017-01-20 23:00:00,day_ahead
2017-01-21 12:00:00,59.2130839417217,price,2017-01-20 23:00:00,day_ahead
2017-01-21 13:00:00,57.66066145918572,price,2017-01-20 23:00:00,day_ahead
2017-01-21 14:00:00,56.81529136423892,price,2017-01-20 23:00:00,day_ahead
2017-01-21 15:00:00,55.93844149412642,price,2017-01-20 23:00:00,day_ahead
2017-01-21 16:00:00,57.54021678764098,price,2017-01-20 23:00:00,day_ahead
2017-01-21 17:00:00,64.48977680762002,price,2017-01-20 23:00:00,day_ahead
2017-01-21 18:00:00,68.3047107215877,price,2017-01-20 23:00:00,day_ahead
2017-01-21 19:00:00,70.61867328577027,price,2017-01-20 23:00:00,day_ahead
2017-01-21 20:00:00,69.17722109952523,price,2017-01-20 23:00:00,day_ahead
2017-01-21 21:00:00,65.11656179517809,price,2017-01-20 23:00:00,day_ahead
2017-01-21 22:00:00,61.64113323240064,price,2017-01-20 23:00:00,day_ahead
2017-01-21 23:00:00,55.97556242790194,price,2017-01-20 23:00:00,day_ahead
2017-01-22 00:00:00,56.591616615348954,price,2017-01-21 23:00:00,day_ahead
2017-01-22 01:00:00,54.48444477366677,price,2017-01-21 23:00:00,day_ahead
2017-01-22 02:00:00,53.81154680693754,price,2017-01-21 23:00:00,day_ahead
2017-01-22 03:00:00,53.6450267220107,price,2017-01-21 23:00:00,day_ahead
2017-01-22 04:00:00,55.089002031086345,price,2017-01-21 23:00:00,day_ahead
2017-01-22 05:00:00,56.13331459934738,price,2017-01-21 23:00:00,day_ahead
2017-01-22 06:00:00,58.91615936720309,price,2017-01-21 23:00:00,day_ahead
2017-01-22 07:00:00,62.683776849101406,price,2017-01-21 23:00:00,day_ahead
2017-01-22 08:00:00,66.03772611196862,price,2017-01-21 23:00:00,day_ahead
2017-01-22 09:00:00,66.27345126240658,price,2017-01-21 23:00:00,day_ahead
2017-01-22 10:00:00,67.18890164181937,price,2017-01-21 23:00:00,day_ahead
2017-01-22 11:00:00,66.13818947125647,price,2017-01-21 23:00:00,day_ahead
2017-01-22 12:00:00,64.86428329583845,price,2017-01-21 23:00:00,day_ahead
2017-01-22 13:00:00,62.59265698443638,price,2017-01-21 23:00:00,day_ahead
2017-01-22 14:00:00,60.74820002524047,price,2017-01-21 23:00:00,day_ahead
2017-01-22 15:00:00,60.84191878155805,price,2017-01-21 23:00:00,day_ahead
2017-01-22 16:00:00,61.93092744060138,price,2017-01-21 23:00:00,day_ahead
2017-01-22 17:00:00,64.0737599322291,price,2017-01-21 23:00:00,day_ahead
2017-01-22 18:00:00,67.77517786308138,price,2017-01-21 23:00:00,day_ahead
2017-01-22 19:00:00,70.31630588367008,price,2017-01-21 23:00:00,day_ahead
2017-01-22 20:00:00,70.67849668174668,price,2017-01-21 23:00:00,day_ahead
2017-01-22 21:00:00,66.08259829672124,price,2017-01-21 23:00:00,day_ahead
2017-01-22 22:00:00,63.056030717491836,price,2017-01-21 23:00:00,day_ahead
2017-01-22 23:00:00,58.83714407106257,price,2017-01-21 23:00:00,day_ahead
2017-01-23 00:00:00,66.74726985795174,price,2017-01-22 23:00:00,day_ahead
2017-01-23 01:00:00,62.33645546271346,price,2017-01-22 23:00:00,day_ahead
2017-01-23 02:00:00,59.23280344458752,price,2017-01-22 23:00:00,day_ahead
2017-01-23 03:00:00,59.192514760925675,price,2017-01-22 23:00:00,day_ahead
2017-01-23 04:00:00,64.86096748945447,price,2017-01-22 23:00:00,day_ahead
2017-01-23 05:00:00,69.3880739632672,price,2017-01-22 23:00:00,day_ahead
2017-01-23 06:00:00,73.76764502506822,price,2017-01-22 23:00:00,day_ahead
2017-01-23 07:00:00,75.97556597089573,price,2017-01-22 23:00:00,day_ahead
2017-01-23 08:00:00,77.18639287672633,price,2017-01-22 23:00:00,day_ahead
2017-01-23 09:00:00,76.87137530012993,price,2017-01-22 23:00:00,day_ahead
2017-01-23 10:00:00,76.77322772671978,price,2017-01-22 23:00:00,day_ahead
2017-01-23 11:00:00,73.19553263587486,price,2017-01-22 23:00:00,day_ahead
2017-01-23 12:00:00,72.26672875117733,price,2017-01-22 23:00:00,day_ahead
2017-01-23 13:00:00,70.37646401660498,price,2017-01-22 23:00:00,day_ahead
2017-01-23 14:00:00,70.01692525603904,price,2017-01-22 23:00:00,day_ahead
2017-01-23 15:00:00,70.64135732335231,price,2017-01-22 23:00:00,day_ahead
2017-01-23 16:00:00,71.76984024418644,price,2017-01-22 23:00:00,day_ahead
2017-01-23 17:00:00,73.05829415451308,price,2017-01-22 23:00:00,day_ahead
2017-01-23 18:00:00,74.96944039357925,price,2017-01-22 23:00:00,day_ahead
2017-01-23 19:00:00,77.4004746126368,price,2017-01-22 23:00:00,day_ahead
2017-01-23 20:00:00,75.45837889229333,price,2017-01-22 23:00:00,day_ahead
2017-01-23 21:00:00,71.50683147150718,price,2017-01-22 23:00:00,day_ahead
2017-01-23 22:00:00,70.64669112573016,price,2017-01-22 23:00:00,day_ahead
2017-01-23 23:00:00,66.7998659085354,price,2017-01-22 23:00:00,day_ahead
2017-01-24 00:00:00,57.2466844017288,price,2017-01-23 23:00:00,day_ahead
2017-01-24 01:00:00,54.91394815014058,price,2017-01-23 23:00:00,day_ahead
2017-01-24 02:00:00,55.62313161896609,price,2017-01-23 23:00:00,day_ahead
2017-01-24 03:00:00,53.62835080636953,price,2017-01-23 23:00:00,day_ahead
2017-01-24 04:00:00,57.90133135323445,price,2017-01-23 23:00:00,day_ahead
2017-01-24 05:00:00,64.68930302557108,price,2017-01-23 23:00:00,day_ahead
2017-01-24 06:00:00,70.43004306132856,price,2017-01-23 23:00:00,day_ahead
2017-01-24 07:00:00,73.36670385037729,price,2017-01-23 23:00:00,day_ahead
2017-01-24 08:00:00,78.11441651014223,price,2017-01-23 23:00:00,day_ahead
2017-01-24 09:00:00,79.49816449966212,price,2017-01-23 23:00:00,day_ahead
2017-01-24 10:00:00,79.11505981864809,price,2017-01-23 23:00:00,day_ahead
2017-01-24 11:00:00,75.49454755881706,price,2017-01-23 23:00:00,day_ahead
2017-01-24 12:00:00,76.94270854193422,price,2017-01-23 23:00:00,day_ahead
2017-01-24 13:00:00,75.01847592253094,price,2017-01-23 23:00:00,day_ahead
2017-01-24 14:00:00,75.01868708296006,price,2017-01-23 23:00:00,day_ahead
2017-01-24 15:00:00,76.19226562949851,price,2017-01-23 23:00:00,day_ahead
2017-01-24 16:00:00,77.28030895243846,price,2017-01-23 23:00:00,day_ahead
2017-01-24 17:00:00,78.12788982843666,price,2017-01-23 23:00:00,day_ahead
2017-01-24 18:00:00,81.92840986289089,price,2017-01-23 23:00:00,day_ahead
2017-01-24 19:00:00,82.09830816356805,price,2017-01-23 23:00:00,day_ahead
2017-01-24 20:00:00,79.28244464643868,price,2017-01-23 23:00:00,day_ahead
2017-01-24 21:00:00,76.29056800210233,price,2017-01-23 23:00:00,day_ahead
2017-01-24 22:00:00,73.67154644415248,price,2017-01-23 23:00:00,day_ahead
2017-01-24 23:00:00,70.33609464539013,price,2017-01-23 23:00:00,day_ahead
2017-01-25 00:00:00,61.46226047500727,price,2017-01-24 23:00:00,day_ahead
2017-01-25 01:00:00,61.589383595094375,price,2017-01-24 23:00:00,day_ahead
2017-01-25 02:00:00,61.37199444658687,price,2017-01-24 23:00:00,day_ahead
2017-01-25 03:00:00,62.69065170116432,price,2017-01-24 23:00:00,day_ahead
2017-01-25 04:00:00,65.15249968806323,price,2017-01-24 23:00:00,day_ahead
2017-01-25 05:00:00,71.24404622133034,price,2017-01-24 23:00:00,day_ahead
2017-01-25 06:00:00,76.1905317845771,price,2017-01-24 23:00:00,day_ahead
2017-01-25 07:00:00,78.85784569097619,price,2017-01-24 23:00:00,day_ahead
2017-01-25 08:00:00,79.65332486098286,price,2017-01-24 23:00:00,day_ahead
2017-01-25 09:00:00,79.71834671167893,price,2017-01-24 23:00:00,day_ahead
2017-01-25 10:00:00,79.23962095946581,price,2017-01-24 23:00:00,day_ahead
2017-01-25 11:00:00,78.17490124568195,price,2017-01-24 23:00:00,day_ahead
2017-01-25 12:00:00,75.83496956749657,price,2017-01-24 23:00:00,day_ahead
2017-01-25 13:00:00,75.58756463494056,price,2017-01-24 23:00:00,day_ahead
2017-01-25 14:00:00,75.2573716300468,price,2017-01-24 23:00:00,day_ahead
2017-01-25 15:00:00,73.39925638950659,price,2017-01-24 23:00:00,day_ahead
2017-01-25 16:00:00,77.3787608313736,price,2017-01-24 23:00:00,day_ahead
2017-01-25 17:00:00,79.80014489835351,price,2017-01-24 23:00:00,day_ahead
2017-01-25 18:00:00,81.9969510579737,price,2017-01-24 23:00:00,day_ahead
2017-01-25 19:00:00,84.06114653329256,price,2017-01-24 23:00:00,day_ahead
2017-01-25 20:00:00,81.28527637195234,price,2017-01-24 23:00:00,day_ahead
2017-01-25 21:00:00,77.5419246181797,price,2017-01-24 23:00:00,day_ahead
2017-01-25 22:00:00,74.84009385608742,price,2017-01-24 23:00:00,day_ahead
2017-01-25 23:00:00,71.4294018536302,price,2017-01-24 23:00:00,day_ahead
2017-01-26 00:00:00,53.217843938945045,price,2017-01-25 23:00:00,day_ahead
2017-01-26 01:00:00,52.67038842435639,price,2017-01-25 23:00:00,day_ahead
2017-01-26 02:00:00,52.639788963660024,price,2017-01-25 23:00:00,day_ahead
2017-01-26 03:00:00,53.61978929435622,price,2017-01-25 23:00:00,day_ahead
2017-01-26 04:00:00,56.89372368920449,price,2017-01-25 23:00:00,day_ahead
2017-01-26 05:00:00,61.42323294167791,price,2017-01-25 23:00:00,day_ahead
2017-01-26 06:00:00,66.93844429123794,price,2017-01-25 23:00:00,day_ahead
2017-01-26 07:00:00,69.61309078905894,price,2017-01-25 23:00:00,day_ahead
2017-01-26 08:00:00,67.00722961224608,price,2017-01-25 23:00:00,day_ahead
2017-01-26 09:00:00,67.66364426933652,price,2017-01-25 23:00:00,day_ahead
2017-01-26 10:00:00,67.62826711995386,price,2017-01-25 23:00:00,day_ahead
2017-01-26 11:00:00,67.11031750183398,price,2017-01-25 23:00:00,day_ahead
2017-01-26 12:00:00,67.6839315997494,price,2017-01-25 23:00:00,day_ahead
2017-01-26 13:00:00,70.18185411570991,price,2017-01-25 23:00:00,day_ahead
2017-01-26 14:00:00,70.6177109805436,price,2017-01-25 23:00:00,day_ahead
2017-01-26 15:00:00,71.2710103566354,price,2017-01-25 23:00:00,day_ahead
2017-01-26 16:00:00,72.5931479958727,price,2017-01-25 23:00:00,day_ahead
2017-01-26 17:00:00,73.5657952791106,price,2017-01-25 23:00:00,day_ahead
2017-01-26 18:00:00,75.83657315273574,price,2017-01-25 23:00:00,day_ahead
2017-01-26 19:00:00,78.34467250542463,price,2017-01-25 23:00:00,day_ahead
2017-01-26 20:00:00,74.95297432769127,price,2017-01-25 23:00:00,day_ahead
2017-01-26 21:00:00,70.86061422599582,price,2017-01-25 23:00:00,day_ahead
2017-01-26 22:00:00,70.14469197741379,price,2017-01-25 23:00:00,day_ahead
2017-01-26 23:00:00,67.27580043788352,price,2017-01-25 23:00:00,day_ahead
2017-01-27 00:00:00,64.31455155688408,price,2017-01-26 23:00:00,day_ahead
2017-01-27 01:00:00,62.15834762255805,price,2017-01-26 23:00:00,day_ahead
2017-01-27 02:00:00,61.964751264288765,price,2017-01-26 23:00:00,day_ahead
2017-01-27 03:00:00,63.439327463678126,price,2017-01-26 23:00:00,day_ahead
2017-01-27 04:00:00,68.01476675438525,price,2017-01-26 23:00:00,day_ahead
2017-01-27 05:00:00,72.81388907690882,price,2017-01-26 23:00:00,day_ahead
2017-01-27 06:00:00,77.9997150713347,price,2017-01-26 23:00:00,day_ahead
2017-01-27 07:00:00,81.71864756819518,price,2017-01-26 23:00:00,day_ahead
2017-01-27 08:00:00,83.86549156644145,price,2017-01-26 23:00:00,day_ahead
2017-01-27 09:00:00,82.4928281058588,price,2017-01-26 23:00:00,day_ahead
2017-01-27 10:00:00,81.00428124312856,price,2017-01-26 23:00:00,day_ahead
2017-01-27 11:00:00,81.26517272444106,price,2017-01-26 23:00:00,day_ahead
2017-01-27 12:00:00,80.3083743073309,price,2017-01-26 23:00:00,day_ahead
2017-01-27 13:00:00,77.63656166367022,price,2017-01-26 23:00:00,day_ahead
2017-01-27 14:00:00,76.70972897903869,price,2017-01-26 23:00:00,day_ahead
2017-01-27 15:00:00,77.23495805236489,price,2017-01-26 23:00:00,day_ahead
2017-01-27 16:00:00,80.16543260234448,price,2017-01-26 23:00:00,day_ahead
2017-01-27 17:00:00,81.26235658845499,price,2017-01-26 23:00:00,day_ahead
2017-01-27 18:00:00,83.54952730393973,price,2017-01-26 23:00:00,day_ahead
2017-01-27 19:00:00,86.23152280621422,price,2017-01-26 23:00:00,day_ahead
2017-01-27 20:00:00,83.60041755216105,price,2017-01-26 23:00:00,day_ahead
2017-01-27 21:00:00,79.61985105765773,price,2017-01-26 23:00:00,day_ahead
2017-01-27 22:00:00,77.50636998824643,price,2017-01-26 23:00:00,day_ahead
2017-01-27 23:00:00,74.62288093085024,price,2017-01-26 23:00:00,day_ahead
2017-01-28 00:00:00,55.429312428258676,price,2017-01-27 23:00:00,day_ahead
2017-01-28 01:00:00,52.34570344123878,price,2017-01-27 23:00:00,day_ahead
2017-01-28 02:00:00,48.72980435797434,price,2017-01-27 23:00:00,day_ahead
2017-01-28 03:00:00,47.48855213166367,price,2017-01-27 23:00:00,day_ahead
2017-01-28 04:00:00,49.475047428141764,price,2017-01-27 23:00:00,day_ahead
2017-01-28 05:00:00,50.17105839644993,price,2017-01-27 23:00:00,day_ahead
2017-01-28 06:00:00,54.60460533303677,price,2017-01-27 23:00:00,day_ahead
2017-01-28 07:00:00,58.92374760993864,price,2017-01-27 23:00:00,day_ahead
2017-01-28 08:00:00,63.22228905770731,price,2017-01-27 23:00:00,day_ahead
2017-01-28 09:00:00,69.27017071271221,price,2017-01-27 23:00:00,day_ahead
2017-01-28 10:00:00,68.81157129873604,price,2017-01-27 23:00:00,day_ahead
2017-01-28 11:00:00,69.5385071876727,price,2017-01-27 23:00:00,day_ahead
2017-01-28 12:00:00,67.20192625274385,price,2017-01-27 23:00:00,day_ahead
2017-01-28 13:00:00,65.3728363830837,price,2017-01-27 23:00:00,day_ahead
2017-01-28 14:00:00,63.39270983439658,price,2017-01-27 23:00:00,day_ahead
2017-01-28 15:00:00,64.17257674815411,price,2017-01-27 23:00:00,day_ahead
2017-01-28 16:00:00,67.28948630652243,price,2017-01-27 23:00:00,day_ahead
2017-01-28 17:00:00,72.14087291069275,price,2017-01-27 23:00:00,day_ahead
2017-01-28 18:00:00,74.0000558533319,price,2017-01-27 23:00:00,day_ahead
2017-01-28 19:00:00,77.45637458066192,price,2017-01-27 23:00:00,day_ahead
2017-01-28 20:00:00,76.51809826741794,price,2017-01-27 23:00:00,day_ahead
2017-01-28 21:00:00,72.85459100604373,price,2017-01-27 23:00:00,day_ahead
2017-01-28 22:00:00,71.93250929604625,price,2017-01-27 23:00:00,day_ahead
2017-01-28 23:00:00,68.0653335422521,price,2017-01-27 23:00:00,day_ahead
2017-01-29 00:00:00,54.55369847314501,price,2017-01-28 23:00:00,day_ahead
2017-01-29 01:00:00,52.96963325883941,price,2017-01-28 23:00:00,day_ahead
2017-01-29 02:00:00,52.51666778447191,price,2017-01-28 23:00:00,day_ahead
2017-01-29 03:00:00,53.35626874653532,price,2017-01-28 23:00:00,day_ahead
2017-01-29 04:00:00,54.08652445893709,price,2017-01-28 23:00:00,day_ahead
2017-01-29 05:00:00,54.68048693175008,price,2017-01-28 23:00:00,day_ahead
2017-01-29 06:00:00,57.99458002851237,price,2017-01-28 23:00:00,day_ahead
2017-01-29 07:00:00,61.09076370246722,price,2017-01-28 23:00:00,day_ahead
2017-01-29 08:00:00,64.6100722194828,price,2017-01-28 23:00:00,day_ahead
2017-01-29 09:00:00,65.69668069455292,price,2017-01-28 23:00:00,day_ahead
2017-01-29 10:00:00,65.91440204009217,price,2017-01-28 23:00:00,day_ahead
2017-01-29 11:00:00,66.04694384264361,price,2017-01-28 23:00:00,day_ahead
2017-01-29 12:00:00,66.16931830699015,price,2017-01-28 23:00:00,day_ahead
2017-01-29 13:00:00,64.88323051815371,price,2017-01-28 23:00:00,day_ahead
2017-01-29 14:00:00,62.647868474408654,price,2017-01-28 23:00:00,day_ahead
2017-01-29 15:00:00,62.298213895910415,price,2017-01-28 23:00:00,day_ahead
2017-01-29 16:00:00,63.41873480194644,price,2017-01-28 23:00:00,day_ahead
2017-01-29 17:00:00,67.83166010824812,price,2017-01-28 23:00:00,day_ahead
2017-01-29 18:00:00,72.54483413778152,price,2017-01-28 23:00:00,day_ahead
2017-01-29 19:00:00,75.40033506837848,price,2017-01-28 23:00:00,day_ahead
2017-01-29 20:00:00,73.73084207930899,price,2017-01-28 23:00:00,day_ahead
2017-01-29 21:00:00,69.04408038418694,price,2017-01-28 23:00:00,day_ahead
2017-01-29 22:00:00,64.10698809882516,price,2017-01-28 23:00:00,day_ahead
2017-01-29 23:00:00,59.66548918833882,price,2017-01-28 23:00:00,day_ahead
2017-01-30 00:00:00,60.82247443894312,price,2017-01-29 23:00:00,day_ahead
2017-01-30 01:00:00,58.56663255340265,price,2017-01-29 23:00:00,day_ahead
2017-01-30 02:00:00,57.82172704960459,price,2017-01-29 23:00:00,day_ahead
2017-01-30 03:00:00,59.77221373570662,price,2017-01-29 23:00:00,day_ahead
2017-01-30 04:00:00,64.2912734330778,price,2017-01-29 23:00:00,day_ahead
2017-01-30 05:00:00,69.70013089347668,price,2017-01-29 23:00:00,day_ahead
2017-01-30 06:00:00,76.30276511764,price,2017-01-29 23:00:00,day_ahead
2017-01-30 07:00:00,79.13711361789898,price,2017-01-29 23:00:00,day_ahead
2017-01-30 08:00:00,80.86470930468978,price,2017-01-29 23:00:00,day_ahead
2017-01-30 09:00:00,82.02183097134656,price,2017-01-29 23:00:00,day_ahead
2017-01-30 10:00:00,81.73092205629872,price,2017-01-29 23:00:00,day_ahead
2017-01-30 11:00:00,80.89749852110705,price,2017-01-29 23:00:00,day_ahead
2017-01-30 12:00:00,80.56160710374924,price,2017-01-29 23:00:00,day_ahead
2017-01-30 13:00:00,78.22575005273077,price,2017-01-29 23:00:00,day_ahead
2017-01-30 14:00:00,77.47042360353282,price,2017-01-29 23:00:00,day_ahead
2017-01-30 15:00:00,79.4268984807247,price,2017-01-29 23:00:00,day_ahead
2017-01-30 16:00:00,81.79855894306978,price,2017-01-29 23:00:00,day_ahead
2017-01-30 17:00:00,83.58371561284669,price,2017-01-29 23:00:00,day_ahead
2017-01-30 18:00:00,85.78043055169277,price,2017-01-29 23:00:00,day_ahead
2017-01-30 19:00:00,86.66295138303947,price,2017-01-29 23:00:00,day_ahead
2017-01-30 20:00:00,85.32944244543208,price,2017-01-29 23:00:00,day_ahead
2017-01-30 21:00:00,81.83256161863854,price,2017-01-29 23:00:00,day_ahead
2017-01-30 22:00:00,79.29468351329012,price,2017-01-29 23:00:00,day_ahead
2017-01-30 23:00:00,75.38679240812144,price,2017-01-29 23:00:00,day_ahead
